asset_id,legal_asset_name,commercial_product_name,slug,classification_level,sector_canonical,archetype,source_repo_url,default_branch,preview_url,schema_path,seed_path,rls_policy_status
1,"STRIDE MB Commercial Web Operating System","STRIDE MB",stride-mb,L3-SUPABASE-READY,fitness,"Archetype A: Dense Operational Console",https://github.com/gcoinstash-cmd/stride-manhattan-beach,main,https://stride-manhattan-beach.onrender.com,supabase/schema.sql,supabase/seed.sql,"RLS ENABLED (DEMO POLICIES + ISOLATION HARNESS)"
2,"THE VAULT Commercial Web Operating System","THE VAULT",the-vault,L3-SUPABASE-READY,creative,"Archetype B: Asymmetric Editorial Showcase",https://github.com/gcoinstash-cmd/the-vault,main,https://the-vault-studio.onrender.com,supabase/schema.sql,supabase/seed.sql,"RLS ENABLED (DEMO POLICIES + ISOLATION HARNESS)"
3,"VELOCITY Commercial Web Operating System","VELOCITY",velocity-os,L3-SUPABASE-READY,automotive,"Archetype A: Dense Operational Console",https://github.com/gcoinstash-cmd/velocity-os,main,https://velocity-exotic-fleet.onrender.com,supabase/schema.sql,supabase/seed.sql,"RLS ENABLED (DEMO POLICIES + ISOLATION HARNESS)"
4,"APEX CLUB Commercial Web Operating System","APEX CLUB",apex-club-os,L3-SUPABASE-READY,fitness,"Archetype D: Timeline & Station Reservation Grid",https://github.com/gcoinstash-cmd/apex-club-os,main,https://apex-fight-club.onrender.com,supabase/schema.sql,supabase/seed.sql,"RLS ENABLED (DEMO POLICIES + ISOLATION HARNESS)"
5,"ELEVATE CAPITAL Commercial Web Operating System","ELEVATE CAPITAL",elevate-capital-os,L3-SUPABASE-READY,wealth,"Archetype C: Step-by-Step Calculator / Wizard",https://github.com/gcoinstash-cmd/elevate-capital-os,main,https://elevate-capital-os.onrender.com,supabase/schema.sql,supabase/seed.sql,"RLS ENABLED (DEMO POLICIES + ISOLATION HARNESS)"
6,"OBSIDIAN LAB Commercial Web Operating System","OBSIDIAN LAB",obsidian-lab-os,L3-SUPABASE-READY,hospitality,"Archetype D: Timeline & Station Reservation Grid",https://github.com/gcoinstash-cmd/obsidian-lab-os,main,https://obsidian-slow-bar.onrender.com,supabase/schema.sql,supabase/seed.sql,"RLS ENABLED (DEMO POLICIES + ISOLATION HARNESS)"
7,"THE ENCLAVE Commercial Web Operating System","THE ENCLAVE",the-enclave-os,L3-SUPABASE-READY,hospitality,"Archetype E: Split-Screen Spec & Proof Panel",https://github.com/gcoinstash-cmd/the-enclave-os,main,https://the-enclave-villas.onrender.com,supabase/schema.sql,supabase/seed.sql,"RLS ENABLED (DEMO POLICIES + ISOLATION HARNESS)"
8,"AURA MEDSPA Commercial Web Operating System","AURA MEDSPA",aura-medspa-os,L3-SUPABASE-READY,medical,"Archetype C: Step-by-Step Calculator / Wizard",https://github.com/gcoinstash-cmd/aura-medspa-os,main,https://aura-medspa-os.onrender.com,supabase/schema.sql,supabase/seed.sql,"RLS ENABLED (DEMO POLICIES + ISOLATION HARNESS)"
9,"ROYAL APEX Commercial Web Operating System","ROYAL APEX",royal-apex-os,L3-SUPABASE-READY,creative,"Archetype B: Asymmetric Editorial Showcase",https://github.com/gcoinstash-cmd/royal-apex-os,main,https://royal-apex-atelier.onrender.com,supabase/schema.sql,supabase/seed.sql,"RLS ENABLED (DEMO POLICIES + ISOLATION HARNESS)"
10,"AURA RESERVE Commercial Web Operating System","AURA RESERVE",aura-reserve-os,L3-SUPABASE-READY,wealth,"Archetype D: Timeline & Station Reservation Grid",https://github.com/gcoinstash-cmd/aura-reserve-os,main,https://aura-reserve-estate.onrender.com,supabase/schema.sql,supabase/seed.sql,"RLS ENABLED (DEMO POLICIES + ISOLATION HARNESS)"
11,"MONOLITH STUDIO Commercial Web Operating System","MONOLITH STUDIO",monolith-studio-os,L3-SUPABASE-READY,creative,"Archetype E: Split-Screen Spec & Proof Panel",https://github.com/gcoinstash-cmd/monolith-studio-os,main,https://monolith-studio-os.onrender.com,supabase/schema.sql,supabase/seed.sql,"RLS ENABLED (DEMO POLICIES + ISOLATION HARNESS)"
12,"KINETIC LAB Commercial Web Operating System","KINETIC LAB",kinetic-lab-os,L3-SUPABASE-READY,fitness,"Archetype D: Timeline & Station Reservation Grid",https://github.com/gcoinstash-cmd/kinetic-lab-os,main,https://kinetic-lab-os.onrender.com,supabase/schema.sql,supabase/seed.sql,"RLS ENABLED (DEMO POLICIES + ISOLATION HARNESS)"
13,"THE VELVET NOTE Commercial Web Operating System","THE VELVET NOTE",the-velvet-note-os,L3-SUPABASE-READY,hospitality,"Archetype D: Timeline & Station Reservation Grid",https://github.com/gcoinstash-cmd/the-velvet-note-os,main,https://the-velvet-note-os.onrender.com,supabase/schema.sql,supabase/seed.sql,"RLS ENABLED (DEMO POLICIES + ISOLATION HARNESS)"
14,"AURA RETREAT OS Commercial Web Operating System","AURA RETREAT OS",retreat-os,L3-SUPABASE-READY,medical,"Archetype D: Timeline & Station Reservation Grid",https://github.com/gcoinstash-cmd/retreat-os,main,https://retreat-os.onrender.com,supabase/schema.sql,supabase/seed.sql,"RLS ENABLED (DEMO POLICIES + ISOLATION HARNESS)"
15,"OMAKASE & COUNTER Commercial Web Operating System","OMAKASE & COUNTER",omakase-counter-os,L3-SUPABASE-READY,hospitality,"Archetype D: Timeline & Station Reservation Grid",https://github.com/gcoinstash-cmd/omakase-counter-os,main,https://omakase-counter-os.onrender.com,supabase/schema.sql,supabase/seed.sql,"RLS ENABLED (DEMO POLICIES + ISOLATION HARNESS)"
16,"AETHEL BESPOKE Commercial Web Operating System","AETHEL BESPOKE",aethel-bespoke-os,L3-SUPABASE-READY,creative,"Archetype B: Asymmetric Editorial Showcase",https://github.com/gcoinstash-cmd/aethel-bespoke-os,main,https://aethel-bespoke-os.onrender.com,supabase/schema.sql,supabase/seed.sql,"RLS ENABLED (DEMO POLICIES + ISOLATION HARNESS)"
17,"AURA APOTHECARY Commercial Web Operating System","AURA APOTHECARY",aura-apothecary-os,L3-SUPABASE-READY,medical,"Archetype C: Step-by-Step Calculator / Wizard",https://github.com/gcoinstash-cmd/aura-apothecary-os,main,https://aura-apothecary-os.onrender.com,supabase/schema.sql,supabase/seed.sql,"RLS ENABLED (DEMO POLICIES + ISOLATION HARNESS)"
18,"THE WINTER PARLOR Commercial Web Operating System","THE WINTER PARLOR",the-winter-parlor-os,L3-SUPABASE-READY,hospitality,"Archetype B: Asymmetric Editorial Showcase",https://github.com/gcoinstash-cmd/the-winter-parlor-os,main,https://the-winter-parlor-os.onrender.com,supabase/schema.sql,supabase/seed.sql,"RLS ENABLED (DEMO POLICIES + ISOLATION HARNESS)"
19,"MOTIONSCALE Commercial Web Operating System","MOTIONSCALE",motionscale-os,L3-SUPABASE-READY,creative,"Archetype B: Asymmetric Editorial Showcase",https://github.com/gcoinstash-cmd/motionscale-os,main,https://motionscale-os.onrender.com,supabase/schema.sql,supabase/seed.sql,"RLS ENABLED (DEMO POLICIES + ISOLATION HARNESS)"
20,"AURA SUPPER CLUB Commercial Web Operating System","AURA SUPPER CLUB",aura-supper-club-os,L3-SUPABASE-READY,hospitality,"Archetype D: Timeline & Station Reservation Grid",https://github.com/gcoinstash-cmd/aura-supper-club-os,main,https://aura-supper-club-os.onrender.com,supabase/schema.sql,supabase/seed.sql,"RLS ENABLED (DEMO POLICIES + ISOLATION HARNESS)"
21,"NEO SHINJUKU Commercial Web Operating System","NEO SHINJUKU",neo-shinjuku-os,L3-SUPABASE-READY,hospitality,"Archetype D: Timeline & Station Reservation Grid",https://github.com/gcoinstash-cmd/neo-shinjuku-os,main,https://neo-shinjuku-os.onrender.com,supabase/schema.sql,supabase/seed.sql,"RLS ENABLED (DEMO POLICIES + ISOLATION HARNESS)"
22,"NEON LOTUS Commercial Web Operating System","NEON LOTUS",neon-lotus-os,L3-SUPABASE-READY,hospitality,"Archetype D: Timeline & Station Reservation Grid",https://github.com/gcoinstash-cmd/neon-lotus-os,main,https://neon-lotus-os.onrender.com,supabase/schema.sql,supabase/seed.sql,"RLS ENABLED (DEMO POLICIES + ISOLATION HARNESS)"
23,"APEX TUNING Commercial Web Operating System","APEX TUNING",apex-tuning-os,L3-SUPABASE-READY,automotive,"Archetype A: Dense Operational Console",https://github.com/gcoinstash-cmd/apex-tuning-os,main,https://apex-tuning-os.onrender.com,supabase/schema.sql,supabase/seed.sql,"RLS ENABLED (DEMO POLICIES + ISOLATION HARNESS)"
24,"VILLA OBSIDIAN Commercial Web Operating System","VILLA OBSIDIAN",villa-obsidian-os,L3-SUPABASE-READY,wealth,"Archetype E: Split-Screen Spec & Proof Panel",https://github.com/gcoinstash-cmd/villa-obsidian-os,main,https://villa-obsidian-os.onrender.com,supabase/schema.sql,supabase/seed.sql,"RLS ENABLED (DEMO POLICIES + ISOLATION HARNESS)"
25,"AFRODIGITAL MOTION Commercial Web Operating System","AFRODIGITAL MOTION",afrodigital-motion-os,L3-SUPABASE-READY,creative,"Archetype B: Asymmetric Editorial Showcase",https://github.com/gcoinstash-cmd/afrodigital-motion-os,main,https://afrodigital-motion-os.onrender.com,supabase/schema.sql,supabase/seed.sql,"RLS ENABLED (DEMO POLICIES + ISOLATION HARNESS)"
26,"BURGER LAB Commercial Web Operating System","BURGER LAB",burger-lab-os,L3-SUPABASE-READY,hospitality,"Archetype A: Dense Operational Console",https://github.com/gcoinstash-cmd/burger-lab-os,main,https://gcoinstash-cmd.github.io/burger-lab-os/,supabase/schema.sql,supabase/seed.sql,"RLS ENABLED (DEMO POLICIES + ISOLATION HARNESS)"
27,"AURA FRAGRANCE Commercial Web Operating System","AURA FRAGRANCE",aura-fragrance-os,L3-SUPABASE-READY,medical,"Archetype B: Asymmetric Editorial Showcase",https://github.com/gcoinstash-cmd/aura-fragrance-os,main,https://aura-fragrance-os.onrender.com,supabase/schema.sql,supabase/seed.sql,"RLS ENABLED (DEMO POLICIES + ISOLATION HARNESS)"
28,"FOCUS ARCHITECTURE Commercial Web Operating System","FOCUS ARCHITECTURE",focus-architecture-os,L3-SUPABASE-READY,creative,"Archetype C: Step-by-Step Calculator / Wizard",https://github.com/gcoinstash-cmd/focus-architecture-os,main,https://focus-architecture-os.onrender.com,supabase/schema.sql,supabase/seed.sql,"RLS ENABLED (DEMO POLICIES + ISOLATION HARNESS)"
29,"THE VINEYARDS Commercial Web Operating System","THE VINEYARDS",the-vineyards-os,L3-SUPABASE-READY,hospitality,"Archetype D: Timeline & Station Reservation Grid",https://github.com/gcoinstash-cmd/the-vineyards-os,main,https://the-vineyards-os.onrender.com,supabase/schema.sql,supabase/seed.sql,"RLS ENABLED (DEMO POLICIES + ISOLATION HARNESS)"
30,"FAMILY LEGACY WEALTH Commercial Web Operating System","FAMILY LEGACY WEALTH",family-legacy-wealth-os,L3-SUPABASE-READY,wealth,"Archetype E: Split-Screen Spec & Proof Panel",https://github.com/gcoinstash-cmd/family-legacy-wealth-os,main,https://family-legacy-wealth-os.onrender.com,supabase/schema.sql,supabase/seed.sql,"RLS ENABLED (DEMO POLICIES + ISOLATION HARNESS)"
31,"DIAMOND CUTS Commercial Web Operating System","DIAMOND CUTS",diamond-cuts-os,L3-SUPABASE-READY,medical,"Archetype D: Timeline & Station Reservation Grid",https://github.com/gcoinstash-cmd/diamond-cuts-os,main,https://diamond-cuts-os.onrender.com,supabase/schema.sql,supabase/seed.sql,"RLS ENABLED (DEMO POLICIES + ISOLATION HARNESS)"
32,"CROWN & COLLECTIVE Commercial Web Operating System","CROWN & COLLECTIVE",crown-collective-os,L3-SUPABASE-READY,medical,"Archetype B: Asymmetric Editorial Showcase",https://github.com/gcoinstash-cmd/crown-collective-os,main,https://crown-collective-os.onrender.com,supabase/schema.sql,supabase/seed.sql,"RLS ENABLED (DEMO POLICIES + ISOLATION HARNESS)"
33,"COMMERCIAL FINANCE ENGINE Commercial Web Operating System","COMMERCIAL FINANCE ENGINE",commercial-finance-os,L3-SUPABASE-READY,wealth,"Archetype C: Step-by-Step Calculator / Wizard",https://github.com/gcoinstash-cmd/commercial-finance-os,main,https://commercial-finance-os.onrender.com,supabase/schema.sql,supabase/seed.sql,"RLS ENABLED (DEMO POLICIES + ISOLATION HARNESS)"
34,"HIGH-TICKET OFFER ARCHITECT Commercial Web Operating System","HIGH-TICKET OFFER ARCHITECT",high-ticket-studio-os,L3-SUPABASE-READY,creative,"Archetype E: Split-Screen Spec & Proof Panel",https://github.com/gcoinstash-cmd/high-ticket-studio-os,main,https://high-ticket-studio-os.onrender.com,supabase/schema.sql,supabase/seed.sql,"RLS ENABLED (DEMO POLICIES + ISOLATION HARNESS)"
35,"BBQ PIT Commercial Web Operating System","BBQ PIT",bbq-pit-os,L3-SUPABASE-READY,hospitality,"Archetype A: Dense Operational Console",https://github.com/gcoinstash-cmd/bbq-pit-os,main,https://bbq-pit-os.onrender.com,supabase/schema.sql,supabase/seed.sql,"RLS ENABLED (DEMO POLICIES + ISOLATION HARNESS)"
36,"STUDIO VÉRONIQUE LA Commercial Web Operating System","STUDIO VÉRONIQUE LA",studio-veronique-os,L3-SUPABASE-READY,creative,"Archetype B: Asymmetric Editorial Showcase",https://github.com/gcoinstash-cmd/studio-veronique-os,main,https://studio-veronique-os.onrender.com,supabase/schema.sql,supabase/seed.sql,"RLS ENABLED (DEMO POLICIES + ISOLATION HARNESS)"
37,"PIZZA PARLOR OS Commercial Web Operating System","PIZZA PARLOR OS",pizza-parlor-os,L3-SUPABASE-READY,hospitality,"Archetype D: Timeline & Station Reservation Grid",https://github.com/gcoinstash-cmd/pizza-parlor-os,main,https://pizza-parlor-os.onrender.com,supabase/schema.sql,supabase/seed.sql,"RLS ENABLED (DEMO POLICIES + ISOLATION HARNESS)"
38,"NOCTURNE NIGHTLIFE OS Commercial Web Operating System","NOCTURNE NIGHTLIFE OS",premium-nightlife-os,L3-SUPABASE-READY,hospitality,"Archetype C: Step-by-Step Calculator / Wizard",https://github.com/gcoinstash-cmd/premium-nightlife-os,main,https://premium-nightlife-os.onrender.com,supabase/schema.sql,supabase/seed.sql,"RLS ENABLED (DEMO POLICIES + ISOLATION HARNESS)"
39,"ZENITH ELITE AGENCY OS Commercial Web Operating System","ZENITH ELITE AGENCY OS",zenith-agency-os,L3-SUPABASE-READY,creative,"Archetype E: Split-Screen Spec & Proof Panel",https://github.com/gcoinstash-cmd/zenith-agency-os,main,https://zenith-agency-os.onrender.com,supabase/schema.sql,supabase/seed.sql,"RLS ENABLED (DEMO POLICIES + ISOLATION HARNESS)"
40,"STREET CULTURE KITCHEN OS Commercial Web Operating System","STREET CULTURE KITCHEN OS",street-culture-kitchen-os,L3-SUPABASE-READY,hospitality,"Archetype B: Asymmetric Editorial Showcase",https://github.com/gcoinstash-cmd/street-culture-kitchen-os,main,https://street-culture-kitchen-os.onrender.com,supabase/schema.sql,supabase/seed.sql,"RLS ENABLED (DEMO POLICIES + ISOLATION HARNESS)"
41,"SATSTACKER ASSET VAULT OS Commercial Web Operating System","SATSTACKER ASSET VAULT OS",satstacker-os,L3-SUPABASE-READY,wealth,"Archetype E: Split-Screen Spec & Proof Panel",https://github.com/gcoinstash-cmd/satstacker-os,main,https://satstacker-os.onrender.com,supabase/schema.sql,supabase/seed.sql,"RLS ENABLED (DEMO POLICIES + ISOLATION HARNESS)"
42,"AUTO REPAIR SHOP OS Commercial Web Operating System","AUTO REPAIR SHOP OS",auto-repair-shop-os,L3-SUPABASE-READY,automotive,"Archetype A: Dense Operational Console",https://github.com/gcoinstash-cmd/auto-repair-shop-os,main,https://auto-repair-shop-os.onrender.com,supabase/schema.sql,supabase/seed.sql,"RLS ENABLED (DEMO POLICIES + ISOLATION HARNESS)"
43,"SPA TREATMENT OS Commercial Web Operating System","SPA TREATMENT OS",spa-treatment-os,L3-SUPABASE-READY,medical,"Archetype D: Timeline & Station Reservation Grid",https://github.com/gcoinstash-cmd/spa-treatment-os,main,https://spa-treatment-os.onrender.com,supabase/schema.sql,supabase/seed.sql,"RLS ENABLED (DEMO POLICIES + ISOLATION HARNESS)"
44,"SOUL & SPICE OS Commercial Web Operating System","SOUL & SPICE OS",soul-and-spice-os,L3-SUPABASE-READY,hospitality,"Archetype D: Timeline & Station Reservation Grid",https://github.com/gcoinstash-cmd/soul-and-spice-os,main,https://soul-and-spice-os.onrender.com,supabase/schema.sql,supabase/seed.sql,"RLS ENABLED (DEMO POLICIES + ISOLATION HARNESS)"
45,"RESONANCE CULINARY ARCHIVE OS Commercial Web Operating System","RESONANCE CULINARY ARCHIVE OS",resonance-culinary-os,L3-SUPABASE-READY,hospitality,"Archetype B: Asymmetric Editorial Showcase",https://github.com/gcoinstash-cmd/resonance-culinary-os,main,https://gcoinstash-cmd.github.io/resonance-culinary-os/,supabase/schema.sql,supabase/seed.sql,"RLS ENABLED (DEMO POLICIES + ISOLATION HARNESS)"
46,"HERITAGE & HONEY OS Commercial Web Operating System","HERITAGE & HONEY OS",heritage-and-honey-os,L3-SUPABASE-READY,hospitality,"Archetype E: Split-Screen Spec & Proof Panel",https://github.com/gcoinstash-cmd/heritage-and-honey-os,main,https://heritage-and-honey-os.onrender.com,supabase/schema.sql,supabase/seed.sql,"RLS ENABLED (DEMO POLICIES + ISOLATION HARNESS)"
47,"LUXURY REAL ESTATE PORTAL OS Commercial Web Operating System","LUXURY REAL ESTATE PORTAL OS",luxury-real-estate-portal-os,L3-SUPABASE-READY,wealth,"Archetype B: Asymmetric Editorial Showcase",https://github.com/gcoinstash-cmd/luxury-real-estate-portal-os,main,https://luxury-real-estate-portal-os.onrender.com,supabase/schema.sql,supabase/seed.sql,"RLS ENABLED (DEMO POLICIES + ISOLATION HARNESS)"
48,"MIDNIGHT EXPRESS OS Commercial Web Operating System","MIDNIGHT EXPRESS OS",midnight-express-os,L3-SUPABASE-READY,hospitality,"Archetype A: Dense Operational Console",https://github.com/gcoinstash-cmd/midnight-express-os,main,https://midnight-express-os.onrender.com,supabase/schema.sql,supabase/seed.sql,"RLS ENABLED (DEMO POLICIES + ISOLATION HARNESS)"
49,"REAL ESTATE ANALYTICS HUB OS Commercial Web Operating System","REAL ESTATE ANALYTICS HUB OS",real-estate-analytics-hub-os,L3-SUPABASE-READY,wealth,"Archetype C: Step-by-Step Calculator / Wizard",https://github.com/gcoinstash-cmd/real-estate-analytics-hub-os,main,https://real-estate-analytics-hub-os.onrender.com,supabase/schema.sql,supabase/seed.sql,"RLS ENABLED (DEMO POLICIES + ISOLATION HARNESS)"
50,"CULINARY OPERATIONAL WORKSPACE OS Commercial Web Operating System","CULINARY OPERATIONAL WORKSPACE OS",culinary-workspace-os,L3-SUPABASE-READY,hospitality,"Archetype A: Dense Operational Console",https://github.com/gcoinstash-cmd/culinary-workspace-os,main,https://culinary-workspace-os.onrender.com,supabase/schema.sql,supabase/seed.sql,"RLS ENABLED (DEMO POLICIES + ISOLATION HARNESS)"
51,"TRENDY TACO TRUCK OS Commercial Web Operating System","TRENDY TACO TRUCK OS",trendy-taco-truck-os,L3-SUPABASE-READY,hospitality,"Archetype A: Dense Operational Console",https://github.com/gcoinstash-cmd/trendy-taco-truck-os,main,https://gcoinstash-cmd.github.io/trendy-taco-truck-os/,supabase/schema.sql,supabase/seed.sql,"RLS ENABLED (DEMO POLICIES + ISOLATION HARNESS)"
52,"YŪGEN SENSORY OS Commercial Web Operating System","YŪGEN SENSORY OS",yugen-sensory-os,L3-SUPABASE-READY,hospitality,"Archetype B: Asymmetric Editorial Showcase",https://github.com/gcoinstash-cmd/yugen-sensory-os,main,https://gcoinstash-cmd.github.io/yugen-sensory-os/,supabase/schema.sql,supabase/seed.sql,"RLS ENABLED (DEMO POLICIES + ISOLATION HARNESS)"
53,"LITTLE ROOTS WELLNESS OS Commercial Web Operating System","LITTLE ROOTS WELLNESS OS",little-roots-wellness-os,L3-SUPABASE-READY,medical,"Archetype C: Step-by-Step Calculator / Wizard",https://github.com/gcoinstash-cmd/little-roots-wellness-os,main,https://gcoinstash-cmd.github.io/little-roots-wellness-os/,supabase/schema.sql,supabase/seed.sql,"RLS ENABLED (DEMO POLICIES + ISOLATION HARNESS)"
54,"HOSPITALITY ROI ENGINE OS Commercial Web Operating System","HOSPITALITY ROI ENGINE OS",hospitality-roi-engine-os,L3-SUPABASE-READY,wealth,"Archetype C: Step-by-Step Calculator / Wizard",https://github.com/gcoinstash-cmd/hospitality-roi-engine-os,main,https://gcoinstash-cmd.github.io/hospitality-roi-engine-os/,supabase/schema.sql,supabase/seed.sql,"RLS ENABLED (DEMO POLICIES + ISOLATION HARNESS)"
55,"ZEN CAPITAL OS Commercial Web Operating System","ZEN CAPITAL OS",zen-capital-os,L3-SUPABASE-READY,wealth,"Archetype E: Split-Screen Spec & Proof Panel",https://github.com/gcoinstash-cmd/zen-capital-os,main,https://gcoinstash-cmd.github.io/zen-capital-os/,supabase/schema.sql,supabase/seed.sql,"RLS ENABLED (DEMO POLICIES + ISOLATION HARNESS)"
56,"HVAC DISPATCH OS Commercial Web Operating System","HVAC DISPATCH OS",hvac-dispatch-os,L3-SUPABASE-READY,home_services,"Archetype A: Dense Operational Console",https://github.com/gcoinstash-cmd/hvac-dispatch-os,main,https://gcoinstash-cmd.github.io/hvac-dispatch-os/,supabase/schema.sql,supabase/seed.sql,"RLS ENABLED (DEMO POLICIES + ISOLATION HARNESS)"
57,"ROOFING ESTIMATOR OS Commercial Web Operating System","ROOFING ESTIMATOR OS",roofing-estimator-os,L3-SUPABASE-READY,home_services,"Archetype C: Step-by-Step Calculator / Wizard",https://github.com/gcoinstash-cmd/roofing-estimator-os,main,https://gcoinstash-cmd.github.io/roofing-estimator-os/,supabase/schema.sql,supabase/seed.sql,"RLS ENABLED (DEMO POLICIES + ISOLATION HARNESS)"
58,"HYDROFORCE PLUMBING OPS OS Commercial Web Operating System","HYDROFORCE PLUMBING OPS OS",plumbing-ops-os,L3-SUPABASE-READY,home_services,"Archetype A: Dense Operational Console",https://github.com/gcoinstash-cmd/plumbing-ops-os,main,https://gcoinstash-cmd.github.io/plumbing-ops-os/,supabase/schema.sql,supabase/seed.sql,"RLS ENABLED (DEMO POLICIES + ISOLATION HARNESS)"
59,"HELIOS SOLAR INSTALL & PERMIT OS Commercial Web Operating System","HELIOS SOLAR INSTALL & PERMIT OS",solar-install-os,L3-SUPABASE-READY,home_services,"Archetype D: Timeline & Station Reservation Grid",https://github.com/gcoinstash-cmd/solar-install-os,main,https://gcoinstash-cmd.github.io/solar-install-os/,supabase/schema.sql,supabase/seed.sql,"RLS ENABLED (DEMO POLICIES + ISOLATION HARNESS)"
60,"VOLTGRID ELECTRICAL DISPATCH OS Commercial Web Operating System","VOLTGRID ELECTRICAL DISPATCH OS",electrical-dispatch-os,L3-SUPABASE-READY,home_services,"Archetype A: Dense Operational Console",https://github.com/gcoinstash-cmd/electrical-dispatch-os,main,https://gcoinstash-cmd.github.io/electrical-dispatch-os/,supabase/schema.sql,supabase/seed.sql,"RLS ENABLED (DEMO POLICIES + ISOLATION HARNESS)"
61,"BOUTIQUE DENTAL OS Commercial Web Operating System","BOUTIQUE DENTAL OS",boutique-dental-os,L3-SUPABASE-READY,medical,"Archetype D: Timeline & Station Reservation Grid",https://github.com/gcoinstash-cmd/boutique-dental-os,main,https://gcoinstash-cmd.github.io/boutique-dental-os/,supabase/schema.sql,supabase/seed.sql,"RLS ENABLED (DEMO POLICIES + ISOLATION HARNESS)"
62,"VETERINARY HOSPITAL OS Commercial Web Operating System","VETERINARY HOSPITAL OS",veterinary-hospital-os,L3-SUPABASE-READY,medical,"Archetype B: Asymmetric Editorial Showcase",https://github.com/gcoinstash-cmd/veterinary-hospital-os,main,https://gcoinstash-cmd.github.io/veterinary-hospital-os/,supabase/schema.sql,supabase/seed.sql,"RLS ENABLED (DEMO POLICIES + ISOLATION HARNESS)"
63,"AURA PROTOCOL FUNCTIONAL MEDICINE OS Commercial Web Operating System","AURA PROTOCOL FUNCTIONAL MEDICINE OS",functional-medicine-os,L3-SUPABASE-READY,medical,"Archetype C: Step-by-Step Calculator / Wizard",https://github.com/gcoinstash-cmd/functional-medicine-os,main,https://gcoinstash-cmd.github.io/functional-medicine-os/,supabase/schema.sql,supabase/seed.sql,"RLS ENABLED (DEMO POLICIES + ISOLATION HARNESS)"
64,"KINETIC SPINE & SPORTS PT OS Commercial Web Operating System","KINETIC SPINE & SPORTS PT OS",physical-therapy-os,L3-SUPABASE-READY,fitness,"Archetype D: Timeline & Station Reservation Grid",https://github.com/gcoinstash-cmd/physical-therapy-os,main,https://gcoinstash-cmd.github.io/physical-therapy-os/,supabase/schema.sql,supabase/seed.sql,"RLS ENABLED (DEMO POLICIES + ISOLATION HARNESS)"
65,"HYPERBARIC & RECOVERY LAB OS Commercial Web Operating System","HYPERBARIC & RECOVERY LAB OS",recovery-spa-os,L3-SUPABASE-READY,medical,"Archetype D: Timeline & Station Reservation Grid",https://github.com/gcoinstash-cmd/recovery-spa-os,main,https://gcoinstash-cmd.github.io/recovery-spa-os/,supabase/schema.sql,supabase/seed.sql,"RLS ENABLED (DEMO POLICIES + ISOLATION HARNESS)"
66,"BOUTIQUE LAW OS Commercial Web Operating System","BOUTIQUE LAW OS",boutique-law-os,L3-SUPABASE-READY,wealth,"Archetype C: Step-by-Step Calculator / Wizard",https://github.com/gcoinstash-cmd/boutique-law-os,main,https://gcoinstash-cmd.github.io/boutique-law-os/,supabase/schema.sql,supabase/seed.sql,"RLS ENABLED (DEMO POLICIES + ISOLATION HARNESS)"
67,"M&A ADVISORY OS Commercial Web Operating System","M&A ADVISORY OS",ma-advisory-os,L3-SUPABASE-READY,wealth,"Archetype C: Step-by-Step Calculator / Wizard",https://github.com/gcoinstash-cmd/ma-advisory-os,main,https://gcoinstash-cmd.github.io/ma-advisory-os/,supabase/schema.sql,supabase/seed.sql,"RLS ENABLED (DEMO POLICIES + ISOLATION HARNESS)"
68,"EXECUTIVE SEARCH OS Commercial Web Operating System","EXECUTIVE SEARCH OS",executive-search-os,L3-SUPABASE-READY,wealth,"Archetype C: Step-by-Step Calculator / Wizard",https://github.com/gcoinstash-cmd/executive-search-os,main,https://gcoinstash-cmd.github.io/executive-search-os/,supabase/schema.sql,supabase/seed.sql,"RLS ENABLED (DEMO POLICIES + ISOLATION HARNESS)"
69,"WEALTH FAMILY OFFICE OS Commercial Web Operating System","WEALTH FAMILY OFFICE OS",wealth-family-office-os,L3-SUPABASE-READY,wealth,"Archetype E: Split-Screen Spec & Proof Panel",https://github.com/gcoinstash-cmd/wealth-family-office-os,main,https://gcoinstash-cmd.github.io/wealth-family-office-os/,supabase/schema.sql,supabase/seed.sql,"RLS ENABLED (DEMO POLICIES + ISOLATION HARNESS)"
70,"LITIGATION OPS OS Commercial Web Operating System","LITIGATION OPS OS",litigation-ops-os,L3-SUPABASE-READY,wealth,"Archetype E: Split-Screen Spec & Proof Panel",https://github.com/gcoinstash-cmd/litigation-ops-os,main,https://gcoinstash-cmd.github.io/litigation-ops-os/,supabase/schema.sql,supabase/seed.sql,"RLS ENABLED (DEMO POLICIES + ISOLATION HARNESS)"
71,"HEAVY PLANT RENTAL OS Commercial Web Operating System","HEAVY PLANT RENTAL OS",heavy-plant-rental-os,L3-SUPABASE-READY,heavy_fleet,"Archetype A: Dense Operational Console",https://github.com/gcoinstash-cmd/heavy-plant-rental-os,main,https://gcoinstash-cmd.github.io/heavy-plant-rental-os/,supabase/schema.sql,supabase/seed.sql,"RLS ENABLED (DEMO POLICIES + ISOLATION HARNESS)"
72,"FREIGHT BROKER DISPATCH OS Commercial Web Operating System","FREIGHT BROKER DISPATCH OS",freight-broker-dispatch-os,L3-SUPABASE-READY,heavy_fleet,"Archetype C: Step-by-Step Calculator / Wizard",https://github.com/gcoinstash-cmd/freight-broker-dispatch-os,main,https://gcoinstash-cmd.github.io/freight-broker-dispatch-os/,supabase/schema.sql,supabase/seed.sql,"RLS ENABLED (DEMO POLICIES + ISOLATION HARNESS)"
73,"AVIATION CHARTER OS Commercial Web Operating System","AVIATION CHARTER OS",aviation-charter-os,L3-SUPABASE-READY,heavy_fleet,"Archetype B: Asymmetric Editorial Showcase",https://github.com/gcoinstash-cmd/aviation-charter-os,main,https://gcoinstash-cmd.github.io/aviation-charter-os/,supabase/schema.sql,supabase/seed.sql,"RLS ENABLED (DEMO POLICIES + ISOLATION HARNESS)"
74,"COLD CHAIN STORAGE OS Commercial Web Operating System","COLD CHAIN STORAGE OS",cold-chain-storage-os,L3-SUPABASE-READY,heavy_fleet,"Archetype D: Timeline & Station Reservation Grid",https://github.com/gcoinstash-cmd/cold-chain-storage-os,main,https://gcoinstash-cmd.github.io/cold-chain-storage-os/,supabase/schema.sql,supabase/seed.sql,"RLS ENABLED (DEMO POLICIES + ISOLATION HARNESS)"
75,"CRANE & RIGGING OPS OS Commercial Web Operating System","CRANE & RIGGING OPS OS",crane-rigging-ops-os,L3-SUPABASE-READY,heavy_fleet,"Archetype E: Split-Screen Spec & Proof Panel",https://github.com/gcoinstash-cmd/crane-rigging-ops-os,main,https://gcoinstash-cmd.github.io/crane-rigging-ops-os/,supabase/schema.sql,supabase/seed.sql,"RLS ENABLED (DEMO POLICIES + ISOLATION HARNESS)"
76,"CERAMIC SHIELD & PPF OS Commercial Web Operating System","CERAMIC SHIELD & PPF OS",ceramic-shield-ppf-os,L3-SUPABASE-READY,automotive,"Archetype C: Step-by-Step Calculator / Wizard",https://github.com/gcoinstash-cmd/ceramic-shield-ppf-os,main,https://gcoinstash-cmd.github.io/ceramic-shield-ppf-os/,supabase/schema.sql,supabase/seed.sql,"RLS ENABLED (DEMO POLICIES + ISOLATION HARNESS)"
77,"MOBILE DETAIL DISPATCH OS Commercial Web Operating System","MOBILE DETAIL DISPATCH OS",mobile-detail-dispatch-os,L3-SUPABASE-READY,automotive,"Archetype A: Dense Operational Console",https://github.com/gcoinstash-cmd/mobile-detail-dispatch-os,main,https://gcoinstash-cmd.github.io/mobile-detail-dispatch-os/,supabase/schema.sql,supabase/seed.sql,"RLS ENABLED (DEMO POLICIES + ISOLATION HARNESS)"
78,"CINEGRIP EQUIPMENT OS Commercial Web Operating System","CINEGRIP EQUIPMENT OS",cinegrip-equipment-os,L3-SUPABASE-READY,creative,"Archetype E: Split-Screen Spec & Proof Panel",https://github.com/gcoinstash-cmd/cinegrip-equipment-os,main,https://gcoinstash-cmd.github.io/cinegrip-equipment-os/,supabase/schema.sql,supabase/seed.sql,"RLS ENABLED (DEMO POLICIES + ISOLATION HARNESS)"
79,"CUSTOM INK STUDIO OS Commercial Web Operating System","CUSTOM INK STUDIO OS",custom-ink-studio-os,L3-SUPABASE-READY,creative,"Archetype B: Asymmetric Editorial Showcase",https://github.com/gcoinstash-cmd/custom-ink-studio-os,main,https://gcoinstash-cmd.github.io/custom-ink-studio-os/,supabase/schema.sql,supabase/seed.sql,"RLS ENABLED (DEMO POLICIES + ISOLATION HARNESS)"
80,"COMBAT RECOVERY LAB OS Commercial Web Operating System","COMBAT RECOVERY LAB OS",combat-recovery-lab-os,L3-SUPABASE-READY,fitness,"Archetype D: Timeline & Station Reservation Grid",https://github.com/gcoinstash-cmd/combat-recovery-lab-os,main,https://gcoinstash-cmd.github.io/combat-recovery-lab-os/,supabase/schema.sql,supabase/seed.sql,"RLS ENABLED (DEMO POLICIES + ISOLATION HARNESS)"
81,"FINE DINING OS Commercial Web Operating System","FINE DINING OS",fine-dining-matrix-os,L3-SUPABASE-READY,hospitality,"Archetype D: Timeline & Station Reservation Grid",https://github.com/gcoinstash-cmd/fine-dining-matrix-os,main,https://gcoinstash-cmd.github.io/fine-dining-matrix-os/,supabase/schema.sql,supabase/seed.sql,"RLS ENABLED (DEMO POLICIES + ISOLATION HARNESS)"
82,"MEDSPA CLINIC OS Commercial Web Operating System","MEDSPA CLINIC OS",medspa-clinic-os,L3-SUPABASE-READY,medical,"Archetype C: Step-by-Step Calculator / Wizard",https://github.com/gcoinstash-cmd/medspa-clinic-os,main,https://gcoinstash-cmd.github.io/medspa-clinic-os/,supabase/schema.sql,supabase/seed.sql,"RLS ENABLED (DEMO POLICIES + ISOLATION HARNESS)"
83,"SUPERYACHT CHARTER OS Commercial Web Operating System","SUPERYACHT CHARTER OS",superyacht-charter-os,L3-SUPABASE-READY,automotive,"Archetype B: Asymmetric Editorial Showcase",https://github.com/gcoinstash-cmd/superyacht-charter-os,main,https://gcoinstash-cmd.github.io/superyacht-charter-os/,supabase/schema.sql,supabase/seed.sql,"RLS ENABLED (DEMO POLICIES + ISOLATION HARNESS)"
84,"LUXURY HOROLOGY VAULT OS Commercial Web Operating System","LUXURY HOROLOGY VAULT OS",luxury-horology-vault-os,L3-SUPABASE-READY,wealth,"Archetype E: Split-Screen Spec & Proof Panel",https://github.com/gcoinstash-cmd/luxury-horology-vault-os,main,https://gcoinstash-cmd.github.io/luxury-horology-vault-os/,supabase/schema.sql,supabase/seed.sql,"RLS ENABLED (DEMO POLICIES + ISOLATION HARNESS)"
85,"PRIVATE VILLA ESTATE OS Commercial Web Operating System","PRIVATE VILLA ESTATE OS",private-villa-estate-os,L3-SUPABASE-READY,hospitality,"Archetype A: Dense Operational Console",https://github.com/gcoinstash-cmd/private-villa-estate-os,main,https://gcoinstash-cmd.github.io/private-villa-estate-os/,supabase/schema.sql,supabase/seed.sql,"RLS ENABLED (DEMO POLICIES + ISOLATION HARNESS)"