Package Name,Versions Encounted,Fleet Adoption Count,SPDX License,Copyleft Exposure,Diligence Clearance
"@vitejs/plugin-react","^5.0.4, ^4.2.1, ^4.3.1",81,"MIT","0% (Permissive)","Diligence Approved — Permissive Commercial Redistribution"
"lucide-react","^0.546.0, ^0.344.0",81,"ISC","0% (Permissive)","Diligence Approved — Permissive Commercial Redistribution"
"react","^19.0.1, ^18.2.0, ^18.3.1",81,"MIT","0% (Permissive)","Diligence Approved — Permissive Commercial Redistribution"
"react-dom","^19.0.1, ^18.2.0, ^18.3.1",81,"MIT","0% (Permissive)","Diligence Approved — Permissive Commercial Redistribution"
"vite","^6.2.3, ^6.2.0, ^5.1.6, ^5.4.2",81,"MIT","0% (Permissive)","Diligence Approved — Permissive Commercial Redistribution"
"typescript","~5.8.2, ^5.2.2, ^5.5.3",81,"Apache-2.0","0% (Permissive)","Diligence Approved — Permissive Commercial Redistribution"
"autoprefixer","^10.4.21, ^10.4.18",58,"MIT","0% (Permissive)","Diligence Approved — Permissive Commercial Redistribution"
"tailwindcss","^4.1.14, ^3.4.1",58,"MIT","0% (Permissive)","Diligence Approved — Permissive Commercial Redistribution"
"@google/genai","^2.4.0, ^1.29.0",53,"Apache-2.0","0% (Permissive)","Diligence Approved — Permissive Commercial Redistribution"
"@tailwindcss/vite","^4.1.14",53,"MIT","0% (Permissive)","Diligence Approved — Permissive Commercial Redistribution"
"express","^4.21.2",53,"MIT","0% (Permissive)","Diligence Approved — Permissive Commercial Redistribution"
"dotenv","^17.2.3",53,"BSD-2-Clause","0% (Permissive)","Diligence Approved — Permissive Commercial Redistribution"
"motion","^12.23.24",53,"MIT","0% (Permissive)","Diligence Approved — Permissive Commercial Redistribution"
"@types/node","^22.14.0",53,"MIT","0% (Permissive)","Diligence Approved — Permissive Commercial Redistribution"
"tsx","^4.21.0",53,"MIT","0% (Permissive)","Diligence Approved — Permissive Commercial Redistribution"
"@types/express","^4.17.21",53,"MIT","0% (Permissive)","Diligence Approved — Permissive Commercial Redistribution"
"esbuild","^0.25.0",52,"MIT","0% (Permissive)","Diligence Approved — Permissive Commercial Redistribution"
"@types/react","^18.2.66, ^18.3.5",28,"MIT","0% (Permissive)","Diligence Approved — Permissive Commercial Redistribution"
"@types/react-dom","^18.2.22, ^18.3.0",28,"MIT","0% (Permissive)","Diligence Approved — Permissive Commercial Redistribution"
"clsx","^2.1.1",6,"MIT","0% (Permissive)","Diligence Approved — Permissive Commercial Redistribution"
"tailwind-merge","^2.5.2, ^3.6.0",6,"MIT","0% (Permissive)","Diligence Approved — Permissive Commercial Redistribution"
"postcss","^8.4.35",5,"MIT","0% (Permissive)","Diligence Approved — Permissive Commercial Redistribution"
"firebase","^12.14.0",3,"MIT","0% (Permissive)","Diligence Approved — Permissive Commercial Redistribution"
"prop-types","^15.8.1",2,"MIT","0% (Permissive)","Diligence Approved — Permissive Commercial Redistribution"
"@supabase/supabase-js","^2.108.2",2,"MIT","0% (Permissive)","Diligence Approved — Permissive Commercial Redistribution"
"jspdf","^4.2.1",2,"MIT","0% (Permissive)","Diligence Approved — Permissive Commercial Redistribution"
"@vis.gl/react-google-maps","^1.8.3",1,"MIT","0% (Permissive)","Diligence Approved — Permissive Commercial Redistribution"
"bignumber.js","^11.1.4",1,"MIT","0% (Permissive)","Diligence Approved — Permissive Commercial Redistribution"
"pg","^8.22.0",1,"MIT","0% (Permissive)","Diligence Approved — Permissive Commercial Redistribution"
"zustand","^5.0.14",1,"MIT","0% (Permissive)","Diligence Approved — Permissive Commercial Redistribution"
"@types/pg","^8.20.0",1,"MIT","0% (Permissive)","Diligence Approved — Permissive Commercial Redistribution"
"html2canvas","^1.4.1",1,"MIT","0% (Permissive)","Diligence Approved — Permissive Commercial Redistribution"
"recharts","^3.8.1",1,"MIT","0% (Permissive)","Diligence Approved — Permissive Commercial Redistribution"